[
  {
    "data": [
      {
        "text": "quiero llevarlo  a una de sus ",
        "userDefined": false
      },
      {
        "text": "oficinas",
        "meta": "@Oficina",
        "alias": "Oficina",
        "userDefined": false
      }
    ],
    "isTemplate": false,
    "count": 0,
    "lang": "es",
    "updated": 0
  },
  {
    "data": [
      {
        "text": "Necesito arreglar ",
        "userDefined": false
      },
      {
        "text": "mi bici",
        "userDefined": false
      },
      {
        "text": " ",
        "userDefined": false
      },
      {
        "text": "hoy",
        "meta": "@sys.date",
        "alias": "date",
        "userDefined": false
      }
    ],
    "isTemplate": false,
    "count": 0,
    "lang": "es",
    "updated": 0
  },
  {
    "data": [
      {
        "text": "mi bici",
        "userDefined": false
      },
      {
        "text": " esta ",
        "userDefined": false
      },
      {
        "text": "rota",
        "userDefined": false
      }
    ],
    "isTemplate": false,
    "count": 0,
    "lang": "es",
    "updated": 0
  },
  {
    "data": [
      {
        "text": "Puedo llevar ",
        "userDefined": false
      },
      {
        "text": "mi bici",
        "userDefined": false
      },
      {
        "text": " a arreglar?",
        "userDefined": false
      }
    ],
    "isTemplate": false,
    "count": 0,
    "lang": "es",
    "updated": 0
  },
  {
    "data": [
      {
        "text": "Puedo reservar ",
        "userDefined": false
      },
      {
        "text": "una",
        "userDefined": false
      },
      {
        "text": " cita para el ",
        "userDefined": false
      },
      {
        "text": "viernes",
        "meta": "@sys.date",
        "alias": "date",
        "userDefined": false
      },
      {
        "text": " ",
        "userDefined": false
      },
      {
        "text": "a la noche",
        "meta": "@sys.time",
        "alias": "time",
        "userDefined": false
      },
      {
        "text": "?",
        "userDefined": false
      }
    ],
    "isTemplate": false,
    "count": 0,
    "lang": "es",
    "updated": 0
  },
  {
    "data": [
      {
        "text": "Puedo hacer una cita para ",
        "userDefined": false
      },
      {
        "text": "mañana",
        "meta": "@sys.date",
        "alias": "date",
        "userDefined": false
      },
      {
        "text": " a las ",
        "userDefined": false
      },
      {
        "text": "16horas",
        "meta": "@sys.time",
        "alias": "time",
        "userDefined": false
      },
      {
        "text": "?",
        "userDefined": false
      }
    ],
    "isTemplate": false,
    "count": 0,
    "lang": "es",
    "updated": 0
  },
  {
    "data": [
      {
        "text": "Necesito hacer ",
        "userDefined": false
      },
      {
        "text": "una",
        "userDefined": false
      },
      {
        "text": " cita ",
        "userDefined": false
      },
      {
        "text": "hoy",
        "meta": "@sys.date",
        "alias": "date",
        "userDefined": true
      },
      {
        "text": " ",
        "userDefined": false
      },
      {
        "text": "a las 3pm",
        "meta": "@sys.time",
        "alias": "time",
        "userDefined": false
      }
    ],
    "isTemplate": false,
    "count": 0,
    "lang": "es",
    "updated": 0
  }
]